Porygon-Z	Tornadus
Porygon-Z	Urshifu-Rapid-Strike
Porygon-Z	Bisharp
Porygon-Z	Sirfetch'd
Porygon-Z	Tapu Lele
Porygon-Z	Urshifu
Porygon-Z	Politoed
Porygon-Z	Amoonguss
Porygon-Z	Clefairy
Porygon-Z	Latias
Porygon-Z	Talonflame
Mandibuzz	Calyrex-Ice
Mandibuzz	Dialga
Mandibuzz	Golisopod
Weezing	Jynx
Weezing	Snorlax
Weezing	Toxtricity
Weezing	Weavile
Weezing	Zacian-Crowned
Weezing	Riolu
Weezing	Urshifu-Rapid-Strike
Weezing	Charizard
Weezing	Archeops
Weezing	Dragapult
Weezing	Mewtwo
Sirfetch'd	Pikachu
Sirfetch'd	Gengar
Sirfetch'd	Rhydon
Sirfetch'd	Lugia
Sirfetch'd	Lucario
Bronzong	Araquanid
Bronzong	Togekiss
Bronzong	Venusaur
Bronzong	Sylveon
Bronzong	Vanilluxe
Bronzong	Regirock
Bronzong	Milotic
Bronzong	Rhyperior
Bronzong	Politoed
Bronzong	Dragapult
Bronzong	Thundurus
Bronzong	Charizard
Bronzong	Moltres-Galar
Bronzong	Kyogre
Bronzong	Dracovish
Volcarona	Calyrex-Ice
Volcarona	Araquanid
Volcarona	Celesteela
Volcarona	Gothitelle
Volcarona	Regigigas
Volcarona	Urshifu
Volcarona	Rillaboom
Volcarona	Weezing
Volcarona	Liepard
Volcarona	Persian-Alola
Volcarona	Togedemaru
Volcarona	Pheromosa
Volcarona	Gyarados
Volcarona	Dialga
Volcarona	Zacian-Crowned
Volcarona	Ferrothorn
Volcarona	Milotic
Volcarona	Palkia
Volcarona	Raikou
Volcarona	Politoed
Volcarona	Rotom-Wash
Volcarona	Dragapult
Volcarona	Excadrill
Volcarona	Thundurus
Volcarona	Landorus
Volcarona	Xerneas
Volcarona	Yveltal
Volcarona	Tyranitar
Accelgor	Vanilluxe
Accelgor	Mudsdale
Accelgor	Articuno-Galar
Accelgor	Indeedee
Accelgor	Xerneas
Accelgor	Thundurus-Therian
Raichu-Alola	Magnezone
Raichu-Alola	Luxray
Raichu-Alola	Pincurchin
Raichu-Alola	Vikavolt
Raichu-Alola	Electivire
Swampert	Urshifu-Rapid-Strike
Swampert	Comfey
Swampert	Tsareena
Swampert	Politoed
Swampert	Umbreon
Swampert	Mienshao
Swampert	Thundurus-Therian
Reshiram	Vikavolt
Reshiram	Gothitelle
Reshiram	Urshifu-Rapid-Strike
Reshiram	Seismitoad
Reshiram	Gigalith
Liepard	Blissey
Liepard	Gothitelle
Liepard	Urshifu-Rapid-Strike
Liepard	Carbink
Liepard	Hatterene
Liepard	Toxtricity
Liepard	Shuckle
Liepard	Zapdos-Galar
Liepard	Mantine
Liepard	Cofagrigus
Liepard	Politoed
Liepard	Chandelure
Snorlax	Zacian-Crowned
Snorlax	Duraludon
Snorlax	Kartana
Snorlax	Pincurchin
Uxie	Weezing
Uxie	Ninetales-Alola
Uxie	Regigigas
Uxie	Nidoking
Kangaskhan	Heatran
Kangaskhan	Braviary
Kangaskhan	Zapdos-Galar
Regirock	Kartana
Slurpuff	Duraludon
Slurpuff	Venusaur
Slurpuff	Araquanid
Slurpuff	Porygon2
Slurpuff	Zapdos
Slurpuff	Tapu Lele
Slurpuff	Passimian
Hitmonlee	Appletun
Barraskewda	Mudsdale
Mimikyu	Calyrex-Ice
Mimikyu	Araquanid
Mimikyu	Regigigas
Mimikyu	Stakataka
Mimikyu	Hatterene
Mimikyu	Weezing
Mimikyu	Liepard
Mimikyu	Snorlax
Mimikyu	Blastoise
Mimikyu	Nihilego
Mimikyu	Shuckle
Mimikyu	Rotom-Heat
Mimikyu	Regirock
Mimikyu	Ferrothorn
Mimikyu	Chansey
Mimikyu	Articuno-Galar
Mimikyu	Amoonguss
Mimikyu	Rotom-Wash
Mimikyu	Umbreon
Mimikyu	Thundurus
Mimikyu	Tapu Koko
Mimikyu	Lugia
Mimikyu	Moltres-Galar
Mimikyu	Metagross
Mimikyu	Gastrodon
Mimikyu	Indeedee-F
Mimikyu	Kyogre
Duraludon	Darmanitan-Galar
Duraludon	Braviary
Machamp	Cofagrigus
Necrozma-Dusk-Mane	Mimikyu
Necrozma-Dusk-Mane	Machamp
Necrozma-Dusk-Mane	Milotic
Necrozma-Dusk-Mane	Arcanine
Necrozma-Dusk-Mane	Venusaur
Necrozma-Dusk-Mane	Moltres-Galar
Necrozma-Dusk-Mane	Araquanid
Necrozma-Dusk-Mane	Porygon2
Necrozma-Dusk-Mane	Hippowdon
Necrozma-Dusk-Mane	Sylveon
Necrozma-Dusk-Mane	Lopunny
Necrozma-Dusk-Mane	Thundurus
Necrozma-Dusk-Mane	Hydreigon
Necrozma-Dusk-Mane	Entei
Butterfree	Cresselia
Butterfree	Reuniclus
Butterfree	Hatterene
Butterfree	Liepard
Butterfree	Snorlax
Butterfree	Naganadel
Butterfree	Oranguru
Butterfree	Darmanitan-Galar
Butterfree	Braviary
Butterfree	Shuckle
Butterfree	Aerodactyl
Butterfree	Rhyperior
Butterfree	Chansey
Butterfree	Corviknight
Butterfree	Ninetales-Alola
Butterfree	Landorus
Butterfree	Scrafty
Tornadus	Krookodile
Tornadus	Kangaskhan
Tornadus	Togedemaru
Tornadus	Braviary
Tornadus	Tapu Lele
Tornadus	Tsareena
Tornadus	Regidrago
Tornadus	Politoed
Tornadus	Amoonguss
Tornadus	Dugtrio
Tornadus	Luxray
Tornadus	Kartana
Tornadus	Ludicolo
Tornadus	Dragapult
Tornadus	Metagross
Tornadus	Yveltal
Tornadus	Kyogre
Tornadus	Dracovish
Cresselia	Zamazenta-Crowned
Cresselia	Tapu Koko
Cresselia	Urshifu
Cresselia	Rillaboom
Cresselia	Glastrier
Cresselia	Kangaskhan
Cresselia	Persian-Alola
Cresselia	Heatran
Cresselia	Primarina
Cresselia	Tapu Lele
Cresselia	Ferrothorn
Cresselia	Milotic
Cresselia	Regidrago
Cresselia	Zapdos
Cresselia	Tyranitar
Cresselia	Landorus
Cresselia	Garchomp
Cresselia	Salamence
Cresselia	Centiskorch
Cresselia	Talonflame
Xurkitree	Jynx
Rayquaza	Weezing
Rayquaza	Urshifu-Rapid-Strike
Rayquaza	Regigigas
Rayquaza	Coalossal
Blaziken	Sceptile
Blaziken	Trevenant
Blaziken	Bisharp
Blaziken	Amoonguss
Blaziken	Umbreon
Blaziken	Corviknight
Blaziken	Garchomp
Blaziken	Gardevoir
Blaziken	Swampert
Blaziken	Suicune
Diggersby	Sylveon
Diggersby	Cradily
Diggersby	Escavalier
Weezing-Galar	Tornadus
Weezing-Galar	Calyrex-Ice
Weezing-Galar	Gothitelle
Weezing-Galar	Regigigas
Weezing-Galar	Clefable
Weezing-Galar	Blastoise
Weezing-Galar	Inteleon
Weezing-Galar	Blacephalon
Weezing-Galar	Vanilluxe
Weezing-Galar	Coalossal
Weezing-Galar	Articuno-Galar
Weezing-Galar	Indeedee
Weezing-Galar	Arctozolt
Articuno-Galar	Krookodile
Articuno-Galar	Omastar
Articuno-Galar	Jynx
Articuno-Galar	Weezing
Articuno-Galar	Snorlax
Articuno-Galar	Pheromosa
Articuno-Galar	Darmanitan-Galar
Articuno-Galar	Aurorus
Articuno-Galar	Porygon2
Articuno-Galar	Conkeldurr
Articuno-Galar	Scizor
Articuno-Galar	Ninetales-Alola
Articuno-Galar	Kartana
Articuno-Galar	Indeedee
Exeggutor	Ditto
Exeggutor	Dialga
Exeggutor	Jynx
Garchomp	Araquanid
Garchomp	Tapu Koko
Garchomp	Spiritomb
Garchomp	Pheromosa
Garchomp	Heatran
Garchomp	Ferrothorn
Garchomp	Porygon2
Garchomp	Rotom-Wash
Garchomp	Umbreon
Garchomp	Weavile
Garchomp	Scizor
Garchomp	Ninetales-Alola
Garchomp	Kartana
Garchomp	Ho-Oh
Urshifu	Regigigas
Urshifu	Weezing
Urshifu	Venusaur
Urshifu	Heatran
Urshifu	Calyrex-Shadow
Urshifu	Porygon2
Urshifu	Thundurus
Urshifu	Nidoking
Urshifu	Charizard
Urshifu	Dragonite
Urshifu	Xerneas
Urshifu	Chandelure
Ferrothorn	Araquanid
Ferrothorn	Tapu Koko
Ferrothorn	Zapdos-Galar
Ferrothorn	Porygon2
Ferrothorn	Rotom-Wash
Ferrothorn	Landorus
Ferrothorn	Salamence
Ferrothorn	Ho-Oh
Ferrothorn	Kyogre
Krookodile	Persian-Alola
Krookodile	Shuckle
Krookodile	Regidrago
Zapdos-Galar	Stakataka
Zapdos-Galar	Xurkitree
Zapdos-Galar	Regirock
Zapdos-Galar	Duraludon
Persian-Alola	Carbink
Persian-Alola	Tangrowth
Persian-Alola	Darmanitan-Galar
Persian-Alola	Zacian-Crowned
Persian-Alola	Mudsdale
Persian-Alola	Porygon2
Persian-Alola	Jellicent
Scrafty	Stakataka
Scrafty	Hatterene
Scrafty	Ninetales
Scrafty	Liepard
Scrafty	Braviary
Scrafty	Amoonguss
Milotic	Gothitelle
Milotic	Snorlax
Milotic	Darmanitan-Galar
Milotic	Zacian-Crowned
Milotic	Regidrago
Milotic	Kartana
Milotic	Moltres-Galar
Milotic	Salamence
Milotic	Yveltal
Milotic	Dracovish
Ditto	Carbink
Ditto	Moltres
Ditto	Zacian-Crowned
Ditto	Umbreon
Ditto	Lugia
Ditto	Yveltal
Aerodactyl	Latios
Aerodactyl	Togedemaru
Aerodactyl	Chansey
Aerodactyl	Exeggutor-Alola
Aerodactyl	Scrafty
Aerodactyl	Blissey
Marowak-Alola	Tornadus
Marowak-Alola	Celesteela
Marowak-Alola	Tapu Koko
Marowak-Alola	Jynx
Marowak-Alola	Clefable
Marowak-Alola	Hatterene
Marowak-Alola	Azumarill
Marowak-Alola	Gallade
Marowak-Alola	Blastoise
Marowak-Alola	Braviary
Marowak-Alola	Comfey
Marowak-Alola	Primarina
Marowak-Alola	Nihilego
Marowak-Alola	Crobat
Marowak-Alola	Porygon-Z
Marowak-Alola	Ferrothorn
Marowak-Alola	Arcanine
Marowak-Alola	Porygon2
Marowak-Alola	Articuno-Galar
Marowak-Alola	Mienshao
Marowak-Alola	Kartana
Marowak-Alola	Clefairy
Marowak-Alola	Bronzong
Marowak-Alola	Tapu Lele
Marowak-Alola	Moltres-Galar
Marowak-Alola	Suicune
Marowak-Alola	Dracovish
Lilligant	Stakataka
Lilligant	Oranguru
Lilligant	Gothitelle
Lilligant	Slowking-Galar
Lilligant	Thundurus-Therian
Calyrex-Ice	Milotic
Calyrex-Ice	Stakataka
Calyrex-Ice	Oranguru
Calyrex-Ice	Blastoise
Calyrex-Ice	Incineroar
Calyrex-Ice	Gothitelle
Calyrex-Ice	Amoonguss
Calyrex-Ice	Venusaur
Calyrex-Ice	Pheromosa
Calyrex-Ice	Alcremie
Calyrex-Ice	Azumarill
Calyrex-Ice	Cradily
Calyrex-Ice	Obstagoon
Calyrex-Ice	Zapdos
Calyrex-Ice	Indeedee-F
Calyrex-Ice	Clefable
Calyrex-Ice	Riolu
Calyrex-Ice	Dusclops
Latias	Urshifu
Latias	Heatran
Latias	Comfey
Latias	Gengar
Latias	Entei
Latias	Tsareena
Latias	Regirock
Latias	Regidrago
Latias	Dragonite
Latias	Scizor
Latias	Indeedee
Latias	Metagross
Latias	Chandelure
Mesprit	Appletun
Landorus-Therian	Cresselia
Landorus-Therian	Turtonator
Landorus-Therian	Urshifu
Landorus-Therian	Glastrier
Landorus-Therian	Latias
Landorus-Therian	Togekiss
Landorus-Therian	Togedemaru
Landorus-Therian	Heatran
Landorus-Therian	Regieleki
Landorus-Therian	Grimmsnarl
Landorus-Therian	Dialga
Landorus-Therian	Tapu Lele
Landorus-Therian	Registeel
Landorus-Therian	Rotom-Heat
Landorus-Therian	Entei
Landorus-Therian	Zacian-Crowned
Landorus-Therian	Porygon-Z
Landorus-Therian	Ferrothorn
Landorus-Therian	Porygon2
Landorus-Therian	Rotom-Wash
Landorus-Therian	Scizor
Landorus-Therian	Ditto
Landorus-Therian	Bronzong
Landorus-Therian	Arctozolt
Landorus-Therian	Yveltal
Landorus-Therian	Ho-Oh
Landorus-Therian	Suicune
Landorus-Therian	Thundurus-Therian
Lapras	Tornadus
Lapras	Eternatus
Lapras	Zamazenta-Crowned
Lapras	Tapu Koko
Lapras	Rillaboom
Lapras	Persian-Alola
Lapras	Comfey
Lapras	Tapu Lele
Lapras	Zacian-Crowned
Lapras	Volcarona
Lapras	Whimsicott
Lapras	Mimikyu
Lapras	Raichu
Lapras	Ferrothorn
Lapras	Marowak-Alola
Lapras	Arcanine
Lapras	Rhyperior
Lapras	Incineroar
Lapras	Raikou
Lapras	Amoonguss
Lapras	Umbreon
Lapras	Conkeldurr
Lapras	Sableye
Lapras	Ditto
Lapras	Lugia
Lapras	Necrozma-Dusk-Mane
Lapras	Garchomp
Lapras	Moltres-Galar
Lapras	Ho-Oh
Lapras	Indeedee-F
Toxtricity	Rhyperior
Toxtricity	Mudsdale
Indeedee	Darmanitan-Galar
Indeedee	Hawlucha
Indeedee	Gigalith
Indeedee	Nihilego
Indeedee	Calyrex-Shadow
Indeedee	Zapdos-Galar
Indeedee	Regidrago
Lucario	Latios
Lucario	Braviary
Lucario	Mudsdale
Lucario	Zygarde
Groudon	Weezing
Groudon	Bronzong
Groudon	Corviknight
Groudon	Scrafty
Groudon	Aerodactyl
Groudon	Stakataka
Groudon	Riolu
Groudon	Arcanine
Groudon	Incineroar
Groudon	Urshifu
Groudon	Celesteela
Groudon	Gothitelle
Groudon	Venusaur
Groudon	Vanilluxe
Groudon	Sableye
Groudon	Thundurus
Groudon	Umbreon
Groudon	Charizard
Groudon	Clefable
Groudon	Mienshao
Groudon	Regigigas
Groudon	Clefairy
Groudon	Dusclops
Groudon	Hitmontop
Aurorus	Claydol
Aurorus	Tangrowth
Cinccino	Cofagrigus
Cinccino	Mudsdale
Regidrago	Venusaur
Regidrago	Nihilego
Regidrago	Regirock
Regidrago	Kartana
Omastar	Mantine
Aggron	Mantine
Aggron	Thundurus-Therian
Togekiss	Urshifu-Rapid-Strike
Togekiss	Stakataka
Togekiss	Hydreigon
Togekiss	Liepard
Togekiss	Snorlax
Togekiss	Bisharp
Togekiss	Spectrier
Togekiss	Pheromosa
Togekiss	Calyrex-Shadow
Togekiss	Ferrothorn
Togekiss	Zapdos-Galar
Togekiss	Rhyperior
Togekiss	Rotom-Wash
Togekiss	Jellicent
Togekiss	Dragapult
Togekiss	Ludicolo
Xerneas	Salamence
Xerneas	Metagross
Xerneas	Amoonguss
Xerneas	Dracovish
Xerneas	Rotom-Wash
Xerneas	Chandelure
Xerneas	Hydreigon
Ho-Oh	Bisharp
Ho-Oh	Mudsdale
Ho-Oh	Umbreon
Ho-Oh	Jellicent
Ho-Oh	Ludicolo
Ho-Oh	Riolu
Naganadel	Jynx
Naganadel	Scizor
Naganadel	Indeedee
Naganadel	Chandelure
Oranguru	Pheromosa
Oranguru	Articuno-Galar
Cofagrigus	Tangrowth
Cofagrigus	Shuckle
Cofagrigus	Mudsdale
Cofagrigus	Abomasnow
Venusaur	Stakataka
Venusaur	Regirock
Venusaur	Yveltal
Eternatus	Persian-Alola
Eternatus	Porygon2
Eternatus	Hydreigon
Eternatus	Shuckle
Blastoise	Eevee
Blastoise	Celesteela
Blastoise	Urshifu
Blastoise	Pikachu
Blastoise	Heatran
Blastoise	Vanilluxe
Blastoise	Comfey
Blastoise	Calyrex-Shadow
Blastoise	Zacian-Crowned
Blastoise	Dusclops
Blastoise	Rhydon
Blastoise	Dragapult
Blastoise	Lugia
Blastoise	Moltres-Galar
Blastoise	Salamence
Blastoise	Arctozolt
Blastoise	Talonflame
Blastoise	Chandelure
Latios	Heliolisk
Durant	Gothitelle
Durant	Sylveon
Tapu Bulu	Tornadus
Tapu Bulu	Spectrier
Tapu Bulu	Froslass
Tapu Bulu	Terrakion
Tapu Bulu	Avalugg
Incineroar	Tornadus
Incineroar	Celesteela
Incineroar	Gothitelle
Incineroar	Urshifu-Rapid-Strike
Incineroar	Glastrier
Incineroar	Togekiss
Incineroar	Dusclops
Incineroar	Ferrothorn
Incineroar	Porygon2
Incineroar	Amoonguss
Incineroar	Rotom-Wash
Incineroar	Dragapult
Incineroar	Thundurus
Incineroar	Kartana
Incineroar	Garchomp
Incineroar	Metagross
Incineroar	Zygarde
Incineroar	Suicune
Incineroar	Thundurus-Therian
Incineroar	Kyogre
Moltres-Galar	Araquanid
Moltres-Galar	Nihilego
Moltres-Galar	Zacian-Crowned
Moltres-Galar	Regidrago
Moltres-Galar	Rhyperior
Moltres-Galar	Kartana
Palkia	Liepard
Palkia	Ferrothorn
Palkia	Zapdos-Galar
Palkia	Politoed
Palkia	Spectrier
Palkia	Amoonguss
Palkia	Thundurus-Therian
Palkia	Charizard
Palkia	Shuckle
Palkia	Entei
Araquanid	Nihilego
Araquanid	Regirock
Araquanid	Stakataka
Araquanid	Porygon2
Araquanid	Yveltal
Araquanid	Chandelure
Moltres	Regigigas
Moltres	Jynx
Moltres	Weezing
Moltres	Cradily
Moltres	Duraludon
Moltres	Mamoswine
Moltres	Escavalier
Mudsdale	Venusaur
Mudsdale	Rapidash-Galar
Mudsdale	Kartana
Reuniclus	Aegislash
Reuniclus	Liepard
Reuniclus	Machamp
Reuniclus	Hawlucha
Reuniclus	Shuckle
Reuniclus	Mamoswine
Reuniclus	Centiskorch
Klefki	Zapdos-Galar
Klefki	Nidoking
Obstagoon	Tornadus
Obstagoon	Golduck
Obstagoon	Xerneas
Obstagoon	Thundurus-Therian
Jigglypuff	Latias
Jigglypuff	Landorus-Therian
Jigglypuff	Gothitelle
Jigglypuff	Lopunny
Jigglypuff	Aromatisse
Jigglypuff	Primarina
Jigglypuff	Tangrowth
Jigglypuff	Lugia
Raikou	Tornadus
Raikou	Cresselia
Raikou	Latios
Raikou	Azumarill
Raikou	Glastrier
Raikou	Spectrier
Raikou	Primarina
Raikou	Dusclops
Raikou	Regirock
Raikou	Ferrothorn
Raikou	Zapdos-Galar
Raikou	Incineroar
Raikou	Porygon2
Raikou	Politoed
Raikou	Amoonguss
Raikou	Landorus
Raikou	Ludicolo
Raikou	Dragonite
Raikou	Dragapult
Raikou	Metagross
Raikou	Weavile
Salamence	Venusaur
Salamence	Dusclops
Salamence	Regirock
Salamence	Rotom-Wash
Salamence	Dragapult
Salamence	Tapu Koko
Salamence	Landorus
Salamence	Metagross
Salamence	Kyogre
Arctozolt	Spectrier
Arctozolt	Heatran
Arctozolt	Vanilluxe
Arctozolt	Nihilego
Arctozolt	Entei
Arctozolt	Duraludon
Arctozolt	Rhyperior
Arctozolt	Conkeldurr
Arctozolt	Jellicent
Arctozolt	Ninetales-Alola
Arctozolt	Articuno-Galar
Arctozolt	Chandelure
Buzzwole	Cresselia
Buzzwole	Krookodile
Buzzwole	Torkoal
Buzzwole	Hydreigon
Buzzwole	Weezing
Buzzwole	Regieleki
Buzzwole	Duraludon
Buzzwole	Porygon2
Buzzwole	Gastrodon
Buzzwole	Ninetales-Alola
Buzzwole	Arctozolt
Haxorus	Aegislash
Haxorus	Rhyperior
Seismitoad	Jynx
Seismitoad	Thundurus-Therian
Mewtwo	Indeedee
Porygon2	Jynx
Porygon2	Venusaur
Porygon2	Mudsdale
Arcanine	Tornadus
Arcanine	Zamazenta-Crowned
Arcanine	Snorlax
Arcanine	Spectrier
Arcanine	Sylveon
Arcanine	Comfey
Arcanine	Milotic
Arcanine	Gothitelle
Crawdaunt	Regice
Cinderace	Cresselia
Cinderace	Urshifu-Rapid-Strike
Cinderace	Jynx
Cinderace	Bisharp
Cinderace	Spectrier
Cinderace	Sylveon
Cinderace	Darmanitan-Galar
Cinderace	Vanilluxe
Cinderace	Gengar
Cinderace	Tapu Lele
Cinderace	Nihilego
Cinderace	Duraludon
Cinderace	Zapdos-Galar
Cinderace	Milotic
Cinderace	Regidrago
Cinderace	Mamoswine
Cinderace	Articuno-Galar
Cinderace	Scizor
Cinderace	Landorus
Cinderace	Bronzong
Cinderace	Indeedee
Cinderace	Moltres-Galar
Cinderace	Salamence
Cinderace	Xerneas
Cinderace	Gardevoir
Cinderace	Indeedee-F
Cinderace	Sneasel
Cinderace	Dracovish
Guzzlord	Shuckle
Mamoswine	Ninetales
Mamoswine	Xurkitree
Mamoswine	Spectrier
Mamoswine	Pheromosa
Mamoswine	Hawlucha
Mamoswine	Nihilego
Mamoswine	Duraludon
Mamoswine	Rotom-Wash
Mamoswine	Froslass
Mamoswine	Scizor
Mamoswine	Charizard
Mamoswine	Latias
Mamoswine	Barraskewda
Mamoswine	Moltres-Galar
Mamoswine	Dragonite
Mamoswine	Talonflame
Mamoswine	Chandelure
Goodra	Torracat
Goodra	Urshifu-Rapid-Strike
Goodra	Urshifu
Goodra	Xurkitree
Goodra	Comfey
Goodra	Duraludon
Goodra	Umbreon
Goodra	Corviknight
Goodra	Charizard
Goodra	Ninetales-Alola
Goodra	Barraskewda
Goodra	Lilligant
Goodra	Pelipper
Goodra	Swampert
Dusknoir	Shuckle
Rotom-Heat	Araquanid
Rotom-Heat	Urshifu-Rapid-Strike
Rotom-Heat	Rillaboom
Rotom-Heat	Clefable
Rotom-Heat	Snorlax
Rotom-Heat	Togekiss
Rotom-Heat	Blastoise
Rotom-Heat	Spectrier
Rotom-Heat	Grimmsnarl
Rotom-Heat	Comfey
Rotom-Heat	Nihilego
Rotom-Heat	Regirock
Rotom-Heat	Ferrothorn
Rotom-Heat	Palkia
Rotom-Heat	Mudsdale
Rotom-Heat	Thundurus
Rotom-Heat	Kartana
Rotom-Heat	Garchomp
Rotom-Heat	Salamence
Rotom-Heat	Arctozolt
Rotom-Heat	Dragapult
Rotom-Heat	Tyranitar
Rotom-Heat	Dracovish
Chansey	Krookodile
Chansey	Gothitelle
Chansey	Carbink
Chansey	Reuniclus
Chansey	Trevenant
Chansey	Hatterene
Chansey	Liepard
Chansey	Shuckle
Chansey	Riolu
Chansey	Cofagrigus
Chansey	Palkia
Chansey	Abomasnow
Chansey	Escavalier
Chansey	Barraskewda
Chansey	Cinccino
Chansey	Blissey
Chansey	Mr. Mime
Chansey	Espeon
Celesteela	Gothitelle
Celesteela	Regigigas
Celesteela	Weezing
Celesteela	Comfey
Celesteela	Nihilego
Celesteela	Entei
Celesteela	Zacian-Crowned
Celesteela	Milotic
Celesteela	Politoed
Celesteela	Rotom-Wash
Celesteela	Tapu Koko
Celesteela	Reshiram
Celesteela	Garchomp
Celesteela	Zygarde
Celesteela	Dracovish
Hippowdon	Alakazam
Hippowdon	Rotom-Mow
Hippowdon	Spectrier
Hippowdon	Heatran
Hippowdon	Chansey
Centiskorch	Aegislash
Centiskorch	Tangrowth
Centiskorch	Golisopod
Centiskorch	Xurkitree
Centiskorch	Togekiss
Centiskorch	Pheromosa
Centiskorch	Gengar
Centiskorch	Dusclops
Centiskorch	Tsareena
Centiskorch	Regirock
Centiskorch	Cofagrigus
Centiskorch	Mamoswine
Centiskorch	Rotom-Wash
Morpeko	Spectrier
Morpeko	Gardevoir
Morpeko	Azumarill
Blissey	Latios
Blissey	Shuckle
Blissey	Shedinja
Dracovish	Pheromosa
Dracovish	Darmanitan-Galar
Dracovish	Vanilluxe
Dracovish	Calyrex-Shadow
Dracovish	Zapdos-Galar
Dracovish	Snorlax
Dracovish	Articuno-Galar
Dracovish	Kartana
Dracovish	Landorus
Dracovish	Indeedee
Dracovish	Yveltal
Politoed	Gothitelle
Politoed	Seismitoad
Politoed	Tapu Koko
Politoed	Gengar
Politoed	Gigalith
Politoed	Entei
Politoed	Tsareena
Politoed	Ferrothorn
Politoed	Scizor
Politoed	Nidoking
Politoed	Escavalier
Politoed	Metagross
Spectrier	Rapidash-Galar
Spectrier	Urshifu-Rapid-Strike
Spectrier	Zamazenta-Crowned
Spectrier	Nidoqueen
Spectrier	Nihilego
Spectrier	Regirock
Spectrier	Weavile
Spectrier	Indeedee
Spectrier	Moltres-Galar
Spectrier	Metagross
Spectrier	Dracovish
Gothitelle	Gigalith
Gothitelle	Shuckle
Gothitelle	Tsareena
Metagross	Regidrago
Metagross	Porygon2
Metagross	Moltres-Galar
Metagross	Yveltal
Dubwool	Snorlax
Dubwool	Pincurchin
Dubwool	Blissey
Dubwool	Miltank
Sylveon	Urshifu-Rapid-Strike
Sylveon	Spectrier
Sylveon	Heatran
Sylveon	Vanilluxe
Sylveon	Braviary
Sylveon	Riolu
Sylveon	Milotic
Sylveon	Cofagrigus
Sylveon	Umbreon
Sylveon	Conkeldurr
Sylveon	Moltres-Galar
Sylveon	Metagross
Sylveon	Chandelure
Sylveon	Cradily
Torracat	Rhydon
Articuno	Arctovish
Mime Jr.	Liepard
Mime Jr.	Chansey
Mime Jr.	Hatterene
Amoonguss	Araquanid
Amoonguss	Tapu Koko
Amoonguss	Rhydon
Amoonguss	Zacian-Crowned
Amoonguss	Dusclops
Amoonguss	Rhyperior
Amoonguss	Rotom-Wash
Amoonguss	Lugia
Amoonguss	Metagross
Amoonguss	Kyogre
Urshifu-Rapid-Strike	Duraludon
Urshifu-Rapid-Strike	Zapdos-Galar
Urshifu-Rapid-Strike	Stakataka
Urshifu-Rapid-Strike	Dragapult
Urshifu-Rapid-Strike	Indeedee
Urshifu-Rapid-Strike	Moltres-Galar
Walrein	Nidoqueen
Virizion	Rapidash-Galar
Virizion	Wartortle
Virizion	Golduck
Raichu	Cresselia
Raichu	Araquanid
Raichu	Celesteela
Raichu	Gothitelle
Raichu	Rillaboom
Raichu	Snorlax
Raichu	Heatran
Raichu	Comfey
Raichu	Primarina
Raichu	Entei
Raichu	Milotic
Raichu	Incineroar
Raichu	Articuno-Galar
Raichu	Politoed
Raichu	Ditto
Raichu	Charizard
Raichu	Kartana
Raichu	Landorus
Raichu	Bronzong
Raichu	Moltres-Galar
Raichu	Talonflame
Raichu	Yveltal
Raichu	Ho-Oh
Raichu	Suicune
Raichu	Kyogre
Raichu	Dracovish
Dugtrio	Mudsdale
Dugtrio	Tangrowth
Dugtrio	Claydol
Dugtrio	Altaria
Blacephalon	Urshifu-Rapid-Strike
Blacephalon	Regigigas
Blacephalon	Weezing
Blacephalon	Mesprit
Blacephalon	Naganadel
Blacephalon	Pheromosa
Blacephalon	Darmanitan-Galar
Blacephalon	Dialga
Blacephalon	Tsareena
Blacephalon	Porygon-Z
Blacephalon	Zapdos-Galar
Blacephalon	Milotic
Blacephalon	Alcremie
Blacephalon	Mienshao
Blacephalon	Indeedee
Blacephalon	Centiskorch
Blacephalon	Talonflame
Blacephalon	Suicune
Blacephalon	Kyogre
Blacephalon	Shedinja
Rotom-Wash	Nihilego
Rotom-Wash	Regidrago
Rotom-Wash	Tapu Koko
Rotom-Wash	Charizard
Rotom-Wash	Moltres-Galar
Rotom-Wash	Dragapult
Rotom-Wash	Metagross
Zamazenta-Crowned	Snorlax
Zamazenta-Crowned	Rapidash-Galar
Avalugg	Appletun
Avalugg	Mesprit
Avalugg	Dugtrio
Talonflame	Urshifu
Talonflame	Nihilego
Talonflame	Tsareena
Talonflame	Comfey
Talonflame	Regidrago
Talonflame	Articuno-Galar
Talonflame	Ninetales-Alola
Talonflame	Landorus
Talonflame	Kyogre
Talonflame	Dracovish
Trapinch	Jynx
Stonjourner	Kangaskhan
Stonjourner	Persian-Alola
Stonjourner	Spectrier
Stonjourner	Regidrago
Umbreon	Araquanid
Umbreon	Nidoqueen
Umbreon	Zacian-Crowned
Umbreon	Cofagrigus
Umbreon	Appletun
Umbreon	Scizor
Umbreon	Tapu Koko
Umbreon	Charizard
Zygarde	Salazzle
Zygarde	Thundurus
Zygarde	Naganadel
Zygarde	Metagross
Zygarde	Comfey
Zygarde	Braviary
Zygarde	Entei
Togetic	Darmanitan
Togetic	Gallade
Togetic	Pincurchin
Alakazam	Xerneas
Dragalge	Vanilluxe
Cherrim	Heliolisk
Cherrim	Rapidash-Galar
Rhyperior	Hydreigon
Rhyperior	Venusaur
Rhyperior	Jellicent
Palossand	Articuno-Galar
Palossand	Aurorus
Palossand	Carbink
Palossand	Luxray
Togedemaru	Zekrom
Togedemaru	Pikachu
Togedemaru	Golisopod
Togedemaru	Hawlucha
Togedemaru	Entei
Togedemaru	Regirock
Togedemaru	Politoed
Togedemaru	Dragapult
Togedemaru	Luxray
Togedemaru	Kartana
Togedemaru	Landorus
Togedemaru	Scrafty
Togedemaru	Ludicolo
Togedemaru	Yveltal
Togedemaru	Kyogre
Quagsire	Liepard
Quagsire	Blissey
Quagsire	Chansey
Quagsire	Calyrex-Ice
Quagsire	Rhyperior
Quagsire	Ditto
Quagsire	Shuckle
Quagsire	Lugia
Quagsire	Slowking-Galar
Beartic	Vanilluxe
Beartic	Kyogre
Jolteon	Golisopod
Jolteon	Luxray
Yveltal	Stakataka
Yveltal	Kartana
Carbink	Jynx
Carbink	Shuckle
Carbink	Abomasnow
Carbink	Shedinja
Dragonite	Spectrier
Dragonite	Pheromosa
Dragonite	Gengar
Dragonite	Riolu
Dragonite	Regirock
Dragonite	Duraludon
Dragonite	Amoonguss
Dragonite	Kyogre
Darmanitan	Guzzlord
Darmanitan	Shuckle
Gyarados	Togekiss
Gyarados	Braviary
Gyarados	Gengar
Gyarados	Gigalith
Gyarados	Calyrex-Shadow
Gyarados	Stakataka
Gyarados	Rhyperior
Gyarados	Umbreon
Gyarados	Xerneas
Gyarados	Ho-Oh
Turtonator	Porygon2
Turtonator	Dragapult
Turtonator	Blastoise
Turtonator	Bronzor
Chandelure	Darmanitan-Galar
Chandelure	Rhyperior
Chandelure	Ludicolo
Froslass	Rapidash-Galar
Pheromosa	Stakataka
Pheromosa	Snorlax
Pheromosa	Naganadel
Pheromosa	Regirock
Pheromosa	Zapdos-Galar
Pheromosa	Rotom-Wash
Pheromosa	Escavalier
Ribombee	Aegislash
Ribombee	Froslass
Heatran	Hydreigon
Heatran	Venusaur
Heatran	Rhyperior
Heatran	Jellicent
Heatran	Yveltal
Dragapult	Nihilego
Dragapult	Snorlax
Dragapult	Mudsdale
Dragapult	Virizion
Dragapult	Tornadus-Therian
Dragapult	Kartana
Terrakion	Tapu Koko
Terrakion	Ninetales
Terrakion	Kangaskhan
Terrakion	Xurkitree
Terrakion	Persian-Alola
Terrakion	Venusaur
Terrakion	Heatran
Terrakion	Vanilluxe
Terrakion	Primarina
Terrakion	Duraludon
Terrakion	Porygon2
Terrakion	Weavile
Terrakion	Dugtrio
Terrakion	Kartana
Terrakion	Salamence
Terrakion	Arctozolt
Terrakion	Dragapult
Terrakion	Metagross
Terrakion	Beartic
Rhydon	Heliolisk
Gardevoir	Urshifu-Rapid-Strike
Gardevoir	Latios
Gardevoir	Golisopod
Gardevoir	Xurkitree
Gardevoir	Guzzlord
Gardevoir	Froslass
Gardevoir	Scizor
Gardevoir	Slowking-Galar
Gardevoir	Lucario
Runerigus	Shuckle
Runerigus	Thundurus-Therian
Regieleki	Tornadus
Regieleki	Cresselia
Regieleki	Celesteela
Regieleki	Regigigas
Regieleki	Urshifu
Regieleki	Goodra
Regieleki	Glastrier
Regieleki	Latias
Regieleki	Weezing
Regieleki	Inteleon
Regieleki	Tapu Lele
Regieleki	Zacian-Crowned
Regieleki	Porygon-Z
Regieleki	Duraludon
Regieleki	Ferrothorn
Regieleki	Porygon2
Regieleki	Umbreon
Regieleki	Ditto
Regieleki	Escavalier
Regieleki	Garchomp
Regieleki	Indeedee
Regieleki	Dragonite
Regieleki	Yveltal
Regieleki	Ho-Oh
Regieleki	Suicune
Regieleki	Kyogre
Conkeldurr	Duraludon
Drifblim	Hatterene
Drifblim	Lopunny
Drifblim	Tapu Lele
Drifblim	Gigalith
Drifblim	Necrozma-Dusk-Mane
Drifblim	Solgaleo
Zacian-Crowned	Pincurchin
Zacian-Crowned	Charizard
Lopunny	Machamp
Lopunny	Articuno-Galar
Lopunny	Zapdos-Galar
Lopunny	Indeedee
Lopunny	Aurorus
Lopunny	Azumarill
Weavile	Braviary
Rotom-Mow	Garchomp
Rotom-Mow	Braviary
Rotom-Mow	Persian-Alola
Vanilluxe	Hydreigon
Vanilluxe	Jellicent
Vanilluxe	Indeedee
Vanilluxe	Chandelure
Koffing	Weezing
Koffing	Regigigas
Lunala	Articuno-Galar
Roserade	Spiritomb
Roserade	Beartic
Aromatisse	Liepard
Aromatisse	Chansey
Aromatisse	Urshifu
Aromatisse	Araquanid
Aromatisse	Arctozolt
Aromatisse	Tangrowth
Aromatisse	Walrein
Aromatisse	Dialga
Aromatisse	Glastrier
Aromatisse	Tornadus-Therian
Aromatisse	Registeel
Aromatisse	Shuckle
Aromatisse	Malamar
Aromatisse	Lugia
Aromatisse	Dragapult
Torkoal	Calyrex-Ice
Torkoal	Araquanid
Torkoal	Slurpuff
Torkoal	Goodra
Torkoal	Stakataka
Torkoal	Hatterene
Torkoal	Ninetales
Torkoal	Oranguru
Torkoal	Venusaur
Torkoal	Inteleon
Torkoal	Grimmsnarl
Torkoal	Primarina
Torkoal	Zacian-Crowned
Torkoal	Dusclops
Torkoal	Regirock
Torkoal	Mimikyu
Torkoal	Urshifu
Torkoal	Snorlax
Torkoal	Rhyperior
Torkoal	Mudsdale
Torkoal	Porygon2
Torkoal	Mamoswine
Torkoal	Terrakion
Torkoal	Tapu Koko
Torkoal	Charizard
Torkoal	Clefairy
Torkoal	Salamence
Torkoal	Yveltal
Torkoal	Indeedee-F
Excadrill	Cresselia
Excadrill	Hatterene
Excadrill	Latias
Excadrill	Togekiss
Excadrill	Blastoise
Excadrill	Pheromosa
Excadrill	Gyarados
Excadrill	Gastrodon
Excadrill	Gigalith
Excadrill	Entei
Excadrill	Ferrothorn
Excadrill	Zapdos-Galar
Excadrill	Milotic
Excadrill	Politoed
Excadrill	Amoonguss
Excadrill	Rotom-Wash
Excadrill	Thundurus
Excadrill	Zapdos
Excadrill	Tyranitar
Excadrill	Lugia
Excadrill	Salamence
Excadrill	Xerneas
Excadrill	Dracovish
Comfey	Heatran
Comfey	Nihilego
Comfey	Regirock
Comfey	Milotic
Comfey	Stakataka
Comfey	Regidrago
Comfey	Snorlax
Comfey	Thundurus
Comfey	Charizard
Comfey	Moltres-Galar
Comfey	Dragonite
Comfey	Metagross
Comfey	Yveltal
Grimmsnarl	Araquanid
Grimmsnarl	Celesteela
Grimmsnarl	Venusaur
Grimmsnarl	Heatran
Grimmsnarl	Comfey
Grimmsnarl	Nihilego
Grimmsnarl	Entei
Grimmsnarl	Regirock
Grimmsnarl	Palkia
Grimmsnarl	Mudsdale
Grimmsnarl	Porygon2
Grimmsnarl	Rotom-Wash
Grimmsnarl	Charizard
Grimmsnarl	Garchomp
Grimmsnarl	Metagross
Grimmsnarl	Zygarde
Grimmsnarl	Yveltal
Grimmsnarl	Suicune
Grimmsnarl	Thundurus-Therian
Cradily	Jynx
Cradily	Gigalith
Cradily	Escavalier
Cradily	Indeedee
Tauros	Mudsdale
Tauros	Froslass
Tauros	Terrakion
Regigigas	Krookodile
Regigigas	Jynx
Regigigas	Weezing
Regigigas	Toxtricity
Regigigas	Regirock
Regigigas	Regidrago
Regigigas	Dragapult
Regigigas	Weavile
Regigigas	Charizard
Regigigas	Archeops
Regigigas	Giratina
Arctovish	Aurorus
Arctovish	Exeggutor-Alola
Arctovish	Thundurus
Arctovish	Metagross
Arctovish	Darmanitan-Galar
Arctovish	Abomasnow
Arctovish	Ninetales-Alola
Arctovish	Porygon2
Arctovish	Slowking-Galar
Regice	Regirock
Regice	Urshifu
Regice	Regidrago
Regice	Landorus
Regice	Regigigas
Regice	Dusclops
Gengar	Bisharp
Gengar	Darmanitan-Galar
Gengar	Riolu
Gengar	Tsareena
Gengar	Milotic
Gengar	Gothitelle
Gengar	Kartana
Gengar	Dracovish
Thundurus	Araquanid
Thundurus	Urshifu-Rapid-Strike
Thundurus	Vanilluxe
Thundurus	Calyrex-Shadow
Thundurus	Zacian-Crowned
Thundurus	Dusclops
Thundurus	Ferrothorn
Thundurus	Amoonguss
Thundurus	Nidoking
Thundurus	Ninetales-Alola
Thundurus	Indeedee
Thundurus	Metagross
Thundurus	Dracovish
Corviknight	Araquanid
Corviknight	Gothitelle
Corviknight	Hatterene
Corviknight	Ninetales
Corviknight	Liepard
Corviknight	Venusaur
Corviknight	Inteleon
Corviknight	Heatran
Corviknight	Shuckle
Corviknight	Entei
Corviknight	Zacian-Crowned
Corviknight	Dusclops
Corviknight	Snorlax
Corviknight	Chansey
Corviknight	Politoed
Corviknight	Umbreon
Corviknight	Dubwool
Corviknight	Garchomp
Corviknight	Pincurchin
Corviknight	Swampert
Corviknight	Suicune
Tapu Fini	Calyrex-Ice
Tapu Fini	Landorus-Therian
Tapu Fini	Urshifu
Tapu Fini	Jynx
Tapu Fini	Glastrier
Tapu Fini	Latias
Tapu Fini	Dracozolt
Tapu Fini	Togedemaru
Tapu Fini	Regieleki
Tapu Fini	Grimmsnarl
Tapu Fini	Dialga
Tapu Fini	Rotom-Heat
Tapu Fini	Dusclops
Tapu Fini	Regirock
Tapu Fini	Ferrothorn
Tapu Fini	Marowak-Alola
Tapu Fini	Incineroar
Tapu Fini	Mudsdale
Tapu Fini	Raikou
Tapu Fini	Porygon2
Tapu Fini	Articuno-Galar
Tapu Fini	Amoonguss
Tapu Fini	Nidoking
Tapu Fini	Zapdos
Tapu Fini	Kartana
Tapu Fini	Garchomp
Tapu Fini	Metagross
Tapu Fini	Thundurus-Therian
Tapu Fini	Solgaleo
Pelipper	Barraskewda
Pelipper	Kyogre
Pelipper	Ludicolo
Sableye	Calyrex-Ice
Sableye	Comfey
Sableye	Gigalith
Sableye	Regirock
Sableye	Zapdos-Galar
Sableye	Rhyperior
Sableye	Mamoswine
Sableye	Articuno-Galar
Sableye	Politoed
Sableye	Terrakion
Sableye	Alcremie
Sableye	Excadrill
Sableye	Charizard
Sableye	Rotom-Heat
Sableye	Kyogre
Sableye	Kingdra
Bronzor	Dragalge
Slowking-Galar	Mudsdale
Slowking-Galar	Rapidash-Galar
Primarina	Gothitelle
Primarina	Hatterene
Primarina	Togekiss
Primarina	Venusaur
Primarina	Gengar
Primarina	Tapu Lele
Primarina	Gigalith
Primarina	Calyrex-Shadow
Primarina	Entei
Primarina	Dusclops
Primarina	Ferrothorn
Primarina	Stakataka
Primarina	Porygon2
Primarina	Dragapult
Primarina	Thundurus
Primarina	Tapu Koko
Braviary	Darmanitan-Galar
Electivire	Magnezone
Electivire	Nidoking
Suicune	Tapu Koko
Suicune	Hydreigon
Suicune	Tapu Lele
Suicune	Comfey
Suicune	Nihilego
Suicune	Rhyperior
Suicune	Amoonguss
Suicune	Umbreon
Suicune	Nidoking
Suicune	Lugia
Suicune	Garchomp
Suicune	Moltres-Galar
Suicune	Salamence
Suicune	Polteageist
Suicune	Ho-Oh
Gourgeist-Super	Guzzlord
Gourgeist-Super	Armaldo
Appletun	Golduck
Scizor	Chandelure
Manectric	Zamazenta-Crowned
Manectric	Mudsdale
Manectric	Gardevoir
Manectric	Thundurus-Therian
Nidoking	Bisharp
Nidoking	Tsareena
Nidoking	Duraludon
Zapdos	Persian-Alola
Zapdos	Bisharp
Zapdos	Heatran
Zapdos	Grimmsnarl
Zapdos	Entei
Zapdos	Dusclops
Zapdos	Regirock
Zapdos	Regidrago
Zapdos	Incineroar
Zapdos	Mudsdale
Zapdos	Politoed
Zapdos	Amoonguss
Zapdos	Terrakion
Zapdos	Nidoking
Zapdos	Kartana
Zapdos	Garchomp
Zapdos	Metagross
Zapdos	Tyranitar
Zapdos	Dracovish
Dialga	Abomasnow
Dialga	Carbink
Dialga	Diggersby
Dialga	Scrafty
Dialga	Incineroar
Dialga	Amoonguss
Dialga	Grimmsnarl
Dialga	Krookodile
Dialga	Primarina
Dialga	Suicune
Dialga	Zapdos
Dialga	Thundurus-Therian
Dialga	Trevenant
Dialga	Charizard
Dialga	Entei
Cobalion	Rapidash-Galar
Cobalion	Kangaskhan
Cobalion	Altaria
Cobalion	Naganadel
Cobalion	Spectrier
Cobalion	Vanilluxe
Cobalion	Tapu Lele
Cobalion	Calyrex-Shadow
Cobalion	Virizion
Cobalion	Terrakion
Cobalion	Articuno-Galar
Cobalion	Dragapult
Cobalion	Accelgor
Cobalion	Sneasel
Rillaboom	Celesteela
Rillaboom	Gothitelle
Rillaboom	Urshifu-Rapid-Strike
Rillaboom	Regigigas
Rillaboom	Stakataka
Rillaboom	Weezing
Rillaboom	Togekiss
Rillaboom	Blastoise
Rillaboom	Heatran
Rillaboom	Comfey
Rillaboom	Grimmsnarl
Rillaboom	Calyrex-Shadow
Rillaboom	Zacian-Crowned
Rillaboom	Dusclops
Rillaboom	Zapdos-Galar
Rillaboom	Milotic
Rillaboom	Politoed
Rillaboom	Dragapult
Rillaboom	Yveltal
Drednaw	Centiskorch
Drednaw	Arctovish
Drednaw	Slowking-Galar
Dracozolt	Tornadus
Dracozolt	Celesteela
Dracozolt	Urshifu-Rapid-Strike
Dracozolt	Azumarill
Dracozolt	Venusaur
Dracozolt	Darmanitan-Galar
Dracozolt	Gyarados
Dracozolt	Braviary
Dracozolt	Gigalith
Dracozolt	Riolu
Dracozolt	Dusclops
Dracozolt	Duraludon
Dracozolt	Milotic
Dracozolt	Marowak-Alola
Dracozolt	Arcanine
Dracozolt	Excadrill
Dracozolt	Jellicent
Dracozolt	Kartana
Dracozolt	Landorus
Dracozolt	Clefairy
Dracozolt	Bronzong
Dracozolt	Hippowdon
Dracozolt	Metagross
Dracozolt	Talonflame
Dracozolt	Tyranitar
Tapu Lele	Araquanid
Tapu Lele	Urshifu-Rapid-Strike
Tapu Lele	Heatran
Tapu Lele	Nihilego
Tapu Lele	Calyrex-Shadow
Tapu Lele	Duraludon
Tapu Lele	Ferrothorn
Tapu Lele	Charizard
Tapu Lele	Ninetales-Alola
Tapu Lele	Kartana
Tapu Lele	Landorus
Tapu Lele	Kyogre
Tapu Lele	Dracovish
Gastrodon	Celesteela
Gastrodon	Tapu Koko
Gastrodon	Urshifu
Gastrodon	Rillaboom
Gastrodon	Clefable
Gastrodon	Hatterene
Gastrodon	Togekiss
Gastrodon	Pheromosa
Gastrodon	Heatran
Gastrodon	Grimmsnarl
Gastrodon	Entei
Gastrodon	Zacian-Crowned
Gastrodon	Zapdos-Galar
Gastrodon	Stakataka
Gastrodon	Mamoswine
Gastrodon	Umbreon
Gastrodon	Zapdos
Gastrodon	Tyranitar
Gastrodon	Mienshao
Gastrodon	Salamence
Gastrodon	Rotom-Heat
Gastrodon	Centiskorch
Gastrodon	Xerneas
Gastrodon	Talonflame
Gastrodon	Ho-Oh
Tapu Koko	Venusaur
Tapu Koko	Heatran
Tapu Koko	Zacian-Crowned
Tapu Koko	Dusclops
Tapu Koko	Rhyperior
Tapu Koko	Metagross
Tapu Koko	Kyogre
Thundurus-Therian	Stakataka
Thundurus-Therian	Yveltal
Thundurus-Therian	Abomasnow
Alcremie	Ninetales
Alcremie	Weezing
Alcremie	Pheromosa
Alcremie	Dialga
Alcremie	Mudsdale
Alcremie	Mamoswine
Alcremie	Ninetales-Alola
Shedinja	Shuckle
Shedinja	Mudsdale
Tornadus-Therian	Virizion
Tornadus-Therian	Thundurus-Therian
Gigalith	Dusclops
Gigalith	Kartana
Gigalith	Pincurchin
Gigalith	Chandelure
Tyranitar	Celesteela
Tyranitar	Sylveon
Tyranitar	Heatran
Tyranitar	Calyrex-Shadow
Tyranitar	Ferrothorn
Tyranitar	Zapdos-Galar
Tyranitar	Milotic
Tyranitar	Regidrago
Tyranitar	Rotom-Wash
Tyranitar	Dragapult
Tyranitar	Thundurus
Tyranitar	Tapu Koko
Tyranitar	Kartana
Tyranitar	Landorus
Tyranitar	Bronzong
Tyranitar	Latias
Tyranitar	Moltres-Galar
Tyranitar	Salamence
Tyranitar	Xerneas
Tyranitar	Dracovish
Passimian	Beartic
Registeel	Cresselia
Registeel	Urshifu-Rapid-Strike
Registeel	Regigigas
Registeel	Regice
Registeel	Rillaboom
Registeel	Persian-Alola
Registeel	Togekiss
Registeel	Sylveon
Registeel	Grimmsnarl
Registeel	Rotom-Heat
Registeel	Cinderace
Registeel	Regirock
Registeel	Raichu
Registeel	Regidrago
Registeel	Palkia
Registeel	Mudsdale
Registeel	Raikou
Registeel	Politoed
Registeel	Dragonite
Registeel	Zapdos
Registeel	Landorus
Registeel	Garchomp
Registeel	Dragapult
Registeel	Talonflame
Registeel	Yveltal
Registeel	Indeedee-F
Solgaleo	Kangaskhan
Solgaleo	Moltres-Galar
Solgaleo	Raikou
Solgaleo	Ludicolo
Solgaleo	Porygon2
Solgaleo	Spectrier
Solgaleo	Amoonguss
Solgaleo	Rotom-Wash
Solgaleo	Tapu Koko
Solgaleo	Grimmsnarl
Solgaleo	Primarina
Solgaleo	Suicune
Solgaleo	Zapdos
Solgaleo	Gastrodon
Solgaleo	Clefable
Solgaleo	Entei
Solgaleo	Riolu
Trevenant	Liepard
Trevenant	Klefki
Trevenant	Mamoswine
Trevenant	Centiskorch
Trevenant	Urshifu-Rapid-Strike
Trevenant	Shuckle
Nihilego	Calyrex-Shadow
Nihilego	Zapdos-Galar
Nihilego	Chandelure
Sceptile	Aggron
Sceptile	Latios
Sceptile	Inteleon
Sceptile	Porygon-Z
Sceptile	Swampert
Sceptile	Urshifu-Rapid-Strike
Sceptile	Froslass
Sceptile	Sneasel
Indeedee-F	Blissey
Indeedee-F	Celesteela
Indeedee-F	Stakataka
Indeedee-F	Hatterene
Indeedee-F	Azumarill
Indeedee-F	Liepard
Indeedee-F	Snorlax
Indeedee-F	Ditto
Indeedee-F	Venusaur
Indeedee-F	Blastoise
Indeedee-F	Heatran
Indeedee-F	Calyrex-Shadow
Indeedee-F	Shuckle
Indeedee-F	Zacian-Crowned
Indeedee-F	Dusclops
Indeedee-F	Milotic
Indeedee-F	Regidrago
Indeedee-F	Chansey
Indeedee-F	Umbreon
Indeedee-F	Tyranitar
Indeedee-F	Landorus
Indeedee-F	Gardevoir
Indeedee-F	Kyogre
Calyrex-Shadow	Regirock
Calyrex-Shadow	Stakataka
Calyrex-Shadow	Rhyperior
Calyrex-Shadow	Jellicent
Calyrex-Shadow	Kartana
Pikachu	Togekiss
Pikachu	Gengar
Pikachu	Riolu
Pikachu	Zapdos-Galar
Pikachu	Salazzle
Pikachu	Pincurchin
Pikachu	Dragonite
Pikachu	Lucario
Zoroark	Sylveon
Zoroark	Raichu-Alola
Zoroark	Shedinja
Salazzle	Hawlucha
Salazzle	Indeedee
Kyogre	Darmanitan-Galar
Kyogre	Kartana
Kyogre	Ludicolo
Gallade	Mesprit
Gallade	Pincurchin
Gallade	Blissey
Luxray	Aggron
Luxray	Vikavolt
Clefable	Celesteela
Clefable	Gothitelle
Clefable	Tapu Koko
Clefable	Pikachu
Clefable	Oranguru
Clefable	Venusaur
Clefable	Blastoise
Clefable	Spectrier
Clefable	Pheromosa
Clefable	Heatran
Clefable	Primarina
Clefable	Nihilego
Clefable	Calyrex-Shadow
Clefable	Zapdos-Galar
Clefable	Milotic
Clefable	Thundurus
Clefable	Nidoking
Clefable	Tyranitar
Clefable	Bronzong
Clefable	Dracovish
Jellicent	Hydreigon
Jellicent	Braviary
Toxapex	Tornadus-Therian
Mienshao	Lilligant
Mienshao	Xerneas
Mienshao	Calyrex-Shadow
Mienshao	Mamoswine
Mienshao	Venusaur
Mienshao	Braviary
Mienshao	Vanilluxe
Mienshao	Suicune
Mienshao	Nihilego
Mienshao	Tsareena
Mienshao	Ninetales
Ninetales-Alola	Naganadel
Ninetales-Alola	Darmanitan-Galar
Ninetales-Alola	Heatran
Ninetales-Alola	Nihilego
Ninetales-Alola	Duraludon
Ninetales-Alola	Snorlax
Ninetales-Alola	Rhyperior
Ninetales-Alola	Porygon2
Ninetales-Alola	Rotom-Wash
Ninetales-Alola	Scizor
Ninetales-Alola	Metagross
Claydol	Tangrowth
Hatterene	Blissey
Hatterene	Carbink
Hatterene	Snorlax
Hatterene	Venusaur
Hatterene	Gigalith
Hatterene	Shuckle
Hatterene	Riolu
Hatterene	Dusclops
Hatterene	Stakataka
Hatterene	Cofagrigus
Hatterene	Rhyperior
Hatterene	Landorus
Hatterene	Pincurchin
Hatterene	Salamence
Coalossal	Durant
Coalossal	Gothitelle
Coalossal	Urshifu-Rapid-Strike
Coalossal	Regigigas
Coalossal	Rillaboom
Coalossal	Stakataka
Coalossal	Azumarill
Coalossal	Golisopod
Coalossal	Weezing
Coalossal	Liepard
Coalossal	Cobalion
Coalossal	Mesprit
Coalossal	Togekiss
Coalossal	Wartortle
Coalossal	Inteleon
Coalossal	Blacephalon
Coalossal	Primarina
Coalossal	Weavile
Coalossal	Manectric
Coalossal	Zapdos-Galar
Coalossal	Incineroar
Coalossal	Virizion
Coalossal	Moltres-Galar
Coalossal	Beartic
Coalossal	Salamence
Coalossal	Dragonite
Coalossal	Dragapult
Coalossal	Sneasel
Escavalier	Carbink
Escavalier	Rhyperior
Escavalier	Porygon2
Malamar	Glastrier
Malamar	Ninetales-Alola
Malamar	Pincurchin
Entei	Tapu Koko
Entei	Naganadel
Entei	Vanilluxe
Entei	Tsareena
Entei	Rotom-Wash
Entei	Kartana
Entei	Moltres-Galar
Entei	Metagross
Entei	Yveltal
Slowbro	Aggron
Mr. Mime-Galar	Arctovish
Sandaconda	Centiskorch
Espeon	Carbink
Espeon	Shuckle
Espeon	Archeops
Ninetales	Cherrim
Ninetales	Rhydon
Ninetales	Hatterene
Ninetales	Xurkitree
Ninetales	Venusaur
Ninetales	Darmanitan-Galar
Ninetales	Weavile
Ninetales	Nihilego
Ninetales	Rhyperior
Ninetales	Meowstic
Ninetales	Rotom-Wash
Ninetales	Charizard
Ninetales	Barraskewda
Ninetales	Garchomp
Kartana	Jynx
Landorus	Araquanid
Landorus	Dusclops
Landorus	Zapdos-Galar
Landorus	Stakataka
Landorus	Regidrago
Landorus	Indeedee
Landorus	Moltres-Galar
Azumarill	Durant
Azumarill	Gothitelle
Azumarill	Rillaboom
Azumarill	Pikachu
Azumarill	Hatterene
Azumarill	Glastrier
Azumarill	Gallade
Azumarill	Persian-Alola
Azumarill	Seaking
Azumarill	Crobat
Azumarill	Incineroar
Azumarill	Dragapult
Azumarill	Scizor
Azumarill	Landorus
Azumarill	Bronzong
Azumarill	Dragonite
Azumarill	Talonflame
Azumarill	Passimian
Lugia	Kangaskhan
Lugia	Rhyperior
Lugia	Moltres-Galar
Lugia	Metagross
Lugia	Rhydon
Lugia	Weavile
Clefairy	Urshifu-Rapid-Strike
Clefairy	Regigigas
Clefairy	Rillaboom
Clefairy	Stakataka
Clefairy	Azumarill
Clefairy	Weezing
Clefairy	Inteleon
Clefairy	Spectrier
Clefairy	Tapu Lele
Clefairy	Nihilego
Clefairy	Calyrex-Shadow
Clefairy	Zacian-Crowned
Clefairy	Urshifu
Clefairy	Ferrothorn
Clefairy	Zapdos-Galar
Clefairy	Mamoswine
Clefairy	Rotom-Wash
Clefairy	Thundurus
Clefairy	Charizard
Clefairy	Kartana
Clefairy	Bronzong
Clefairy	Dragonite
Clefairy	Rotom-Heat
Clefairy	Gastrodon
Clefairy	Kyogre
Riolu	Stakataka
Riolu	Shuckle
Charizard	Stakataka
Charizard	Venusaur
Charizard	Rhyperior
Charizard	Mudsdale
Charizard	Yveltal
Dusclops	Venusaur
Dusclops	Regirock
Dusclops	Stakataka
Dusclops	Rhyperior
Dusclops	Charizard
Dusclops	Kyogre
Inteleon	Cresselia
Inteleon	Gothitelle
Inteleon	Regigigas
Inteleon	Stakataka
Inteleon	Weezing
Inteleon	Venusaur
Inteleon	Sylveon
Inteleon	Darmanitan-Galar
Inteleon	Vanilluxe
Inteleon	Grimmsnarl
Inteleon	Gigalith
Inteleon	Entei
Inteleon	Regidrago
Inteleon	Zapdos
Inteleon	Charizard
Inteleon	Indeedee
Inteleon	Arctozolt
Inteleon	Tyranitar
Mr. Mime	Shuckle
Mr. Mime	Claydol
Glastrier	Eevee
Glastrier	Gothitelle
Glastrier	Dragalge
Glastrier	Urshifu
Glastrier	Pikachu
Glastrier	Golisopod
Glastrier	Toxtricity
Glastrier	Gardevoir
Glastrier	Slowking-Galar
Glastrier	Riolu
Glastrier	Dusclops
Glastrier	Tsareena
Glastrier	Mantine
Glastrier	Porygon2
Glastrier	Amoonguss
Glastrier	Virizion
Glastrier	Froslass
Glastrier	Landorus
Glastrier	Lilligant
Tsareena	Bisharp
Tsareena	Darmanitan-Galar
Tsareena	Regidrago
Tsareena	Scizor
Tsareena	Metagross
Tsareena	Kyogre
Sneasel	Regidrago
Sneasel	Sylveon
Sneasel	Terrakion
Sneasel	Hawlucha
Sneasel	Indeedee
Sneasel	Zapdos
Sneasel	Nihilego
Sneasel	Zygarde
Sneasel	Salazzle
Sneasel	Clefable
Crobat	Urshifu
Crobat	Hydreigon
Crobat	Heatran
Crobat	Gengar
Crobat	Nihilego
Crobat	Regidrago
Crobat	Conkeldurr
Crobat	Scizor
Crobat	Nidoking
Crobat	Ninetales-Alola
Crobat	Garchomp
Crobat	Zygarde
Hitmontop	Regigigas
Hitmontop	Snorlax
Hitmontop	Naganadel
Hitmontop	Blastoise
Hitmontop	Inteleon
Hitmontop	Dialga
Hitmontop	Entei
Hitmontop	Zacian-Crowned
Hitmontop	Dusclops
Hitmontop	Regirock
Hitmontop	Stakataka
Hitmontop	Ditto
Hitmontop	Charizard
Hitmontop	Ninetales-Alola
Hitmontop	Centiskorch
Hitmontop	Solgaleo
Whimsicott	Ninetales
Whimsicott	Ditto
Whimsicott	Spectrier
Whimsicott	Gardevoir
Whimsicott	Regieleki
Whimsicott	Vanilluxe
Whimsicott	Gengar
Whimsicott	Tapu Lele
Whimsicott	Nihilego
Whimsicott	Calyrex-Shadow
Whimsicott	Zacian-Crowned
Whimsicott	Cinderace
Whimsicott	Duraludon
Whimsicott	Zapdos-Galar
Whimsicott	Milotic
Whimsicott	Regidrago
Whimsicott	Mamoswine
Whimsicott	Umbreon
Whimsicott	Terrakion
Whimsicott	Thundurus
Whimsicott	Charizard
Whimsicott	Indeedee
Whimsicott	Moltres-Galar
Whimsicott	Salamence
Whimsicott	Dragonite
Whimsicott	Chandelure
Whimsicott	Ho-Oh
Whimsicott	Indeedee-F
Whimsicott	Dracovish
Thievul	Thundurus-Therian
Meowstic	Jynx
Meowstic	Shuckle
Meowstic	Mudsdale
Kingdra	Tornadus
Kingdra	Celesteela
Kingdra	Gothitelle
Kingdra	Tapu Koko
Kingdra	Rillaboom
Kingdra	Pikachu
Kingdra	Bisharp
Kingdra	Togedemaru
Kingdra	Gigalith
Kingdra	Entei
Kingdra	Riolu
Kingdra	Tsareena
Kingdra	Raichu
Kingdra	Raikou
Kingdra	Politoed
Kingdra	Buzzwole
Kingdra	Dragonite
Kingdra	Corviknight
Kingdra	Scizor
Kingdra	Nidoking
Kingdra	Moltres
Kingdra	Luxray
Kingdra	Bronzong
Kingdra	Pelipper
Kingdra	Kyogre
Kingdra	Ludicolo
